gvkey,fyear,datadate,tic,cusip,cik,conm,sale,at,ni,ceq,dltt,capx,xrd,emp,naics,sic,sich
010001,2007,2007-12-31,ACME,000010001,0000100001,ACME MIDCAP CORP,1800,2500,150,1200,400,120,80,5.0,334111,3571,
010001,2014,2014-12-31,ACME,000010001,0000100001,ACME MIDCAP CORP,3200,4800,290,2100,700,220,160,9.0,334111,3571,
010001,2015,2015-12-31,ACME,000010001,0000100001,ACME MIDCAP CORP,3400,5000,310,2200,720,230,170,9.2,334111,3571,
010002,2014,2014-12-31,BETA,000010002,0000100002,BETA SMALLCAP INC,800,1200,60,500,200,40,150,2.0,325412,2834,
010002,2015,2015-12-31,BETA,000010002,0000100002,BETA SMALLCAP INC,860,1300,70,540,210,45,160,2.1,325412,2834,
010003,2015,2015-12-31,GAMA,000010003,0000100003,GAMMA BANK CORP,2000,40000,500,5000,8000,50,0,12.0,522110,6020,6022
010004,2015,2015-12-31,DPWR,000010004,0000100004,DELTA POWER CO,3000,12000,400,4000,6000,900,0,8.0,221122,4911,
010005,2015,2015-12-31,EPSL,000010005,0000100005,EPSILON TECH LTD,500,700,40,300,100,30,60,1.2,541512,7372,
010006,2015,2015-12-31,ZETA,000010006,0000100006,ZETA INDUSTRIES,1500,2200,120,1000,500,100,20,4.0,333111,3500,
